{
    "-11x2-44x+47=0":[
        -4.87623,
        0.87623
    ],
    "-12x2+24x-35=0":null,
    "-14x2+1x+33=0":[
        -1.5,
        1.57143
    ],
    "-15x2+48x+100=0":[
        -1.43754,
        4.63754
    ],
    "-16x2+92x+49=0":[
        -0.49073,
        6.24073
    ],
    "-16x2+93x+74=0":[
        -0.70917,
        6.52167
    ],
    "-18x2+94x+92=0":[
        -0.84273,
        6.06495
    ],
    "-19x2+79x+99=0":[
        -1.00854,
        5.16643
    ],
    "-19x2-51x-46=0":null,
    "-19x2-73=0":null,
    "-1x2-24x-31=0":[
        -22.63015,
        -1.36985
    ],
    "-24x2-72x-59=0":null,
    "-25x2-93x+54=0":[
        -4.23057,
        0.51057
    ],
    "-26x2+98x-37=0":[
        0.42561,
        3.34362
    ],
    "-29x2+22x+53=0":[
        -1.02478,
        1.7834
    ],
    "-30x2-80x-23=0":[
        -2.33887,
        -0.32779
    ],
    "-32x2+10x+65=0":[
        -1.27751,
        1.59001
    ],
    "-34x2+84x-72=0":null,
    "-35x2+37x+1=0":[
        -0.02637,
        1.08351
    ],
    "-36x2-3x-95=0":null,
    "-37x2+16x+81=0":[
        -1.27909,
        1.71152
    ],
    "-39x2+39x+59=0":[
        -0.82771,
        1.82771
    ],
    "-39x2-50x+40=0":[
        -1.83959,
        0.55754
    ],
    "-3x2+52x-78=0":[
        1.65873,
        15.6746
    ],
    "-42x2-36x-74=0":null,
    "-4x2-56x-67=0":[
        -12.67891,
        -1.32109
    ],
    "-54x2+80x+96=0":[
        -0.78454,
        2.26602
    ],
    "-55x2-98x-42=0":[
        -1.06435,
        -0.71747
    ],
    "-58x2+21x+83=0":[
        -1.02884,
        1.39091
    ],
    "-58x2-99x+3=0":[
        -1.73668,
        0.02978
    ],
    "-5x2+53x-13=0":[
        0.25124,
        10.34876
    ],
    "-60x2+43x-56=0":null,
    "-61x2+6x+82=0":[
        -1.11129,
        1.20965
    ],
    "-66x2+22x-30=0":null,
    "-69x2-50x-83=0":null,
    "-75x2+63x-55=0":null,
    "-80x2+87x+19=0":[
        -0.18643,
        1.27393
    ],
    "-84x2-63x+34=0":[
        -1.1135,
        0.3635
    ],
    "-86x2-2x-46=0":null,
    "-87x2+99x+44=0":[
        -0.34179,
        1.47972
    ],
    "-87x2-13x+68=0":[
        -0.96195,
        0.81253
    ],
    "-92x2+36x+91=0":[
        -0.81796,
        1.20926
    ],
    "-93x2+50x-27=0":null,
    "-93x2-64x+88=0":[
        -1.3759,
        0.68772
    ],
    "-95x2-32x+53=0":[
        -0.9341,
        0.59726
    ],
    "100x2-6x+65=0":null,
    "12x2-65x+98=0":null,
    "13x2-88x-98=0":[
        7.74284,
        -0.9736
    ],
    "14x2-63x-58=0":[
        5.28403,
        -0.78403
    ],
    "16x2+17x+60=0":null,
    "18x2+49x-100=0":[
        1.36069,
        -4.08291
    ],
    "18x2-67x+39=0":[
        3.0,
        0.72222
    ],
    "19x2-77x+73=0":[
        2.53998,
        1.51265
    ],
    "21x2-70x+30=0":[
        2.82822,
        0.50511
    ],
    "24x2+46x+27=0":null,
    "24x2+47x-66=0":[
        0.94665,
        -2.90498
    ],
    "26x2-96x+32=0":[
        3.32179,
        0.37051
    ],
    "28x2-45x+6=0":[
        1.46041,
        0.14673
    ],
    "29x2+2x+76=0":null,
    "31x2+21x+100=0":null,
    "33x2+19x-86=0":[
        1.35192,
        -1.92768
    ],
    "34x2+73x-33=0":[
        0.38354,
        -2.5306
    ],
    "45x2+63x+61=0":null,
    "46x2-96x+34=0":[
        1.63485,
        0.45211
    ],
    "4x2-44x+33=0":[
        10.19042,
        0.80958
    ],
    "50x2+68x-86=0":[
        0.79729,
        -2.15729
    ],
    "52x2+98x-94=0":[
        0.69953,
        -2.58415
    ],
    "55x2-83x+96=0":null,
    "56x2+16x-33=0":[
        0.63797,
        -0.92369
    ],
    "56x2+19x+83=0":null,
    "56x2-73x-34=0":[
        1.66764,
        -0.36407
    ],
    "57x2-12x+72=0":null,
    "5x2-76x-14=0":[
        15.38203,
        -0.18203
    ],
    "61x2-68x-42=0":[
        1.55697,
        -0.44222
    ],
    "65x2-2x+52=0":null,
    "66x2+99x-26=0":[
        0.22798,
        -1.72798
    ],
    "68x2+45x-30=0":[
        0.41118,
        -1.07295
    ],
    "68x2+76x+98=0":null,
    "69x2+4x+53=0":null,
    "71x2-94x+86=0":null,
    "73x2-12x-43=0":[
        0.85407,
        -0.68969
    ],
    "75x2+70x-23=0":[
        0.25752,
        -1.19085
    ],
    "78x2+43x-22=0":[
        0.32271,
        -0.874
    ],
    "79x2-98x-30=0":[
        1.49459,
        -0.25408
    ],
    "82x2-11x-88=0":[
        1.10518,
        -0.97104
    ],
    "83x2-85x-56=0":[
        1.47998,
        -0.45588
    ],
    "88x2-64x+30=0":null,
    "8x2+98x+46=0":[
        -0.4889,
        -11.7611
    ],
    "8x2-98x+56=0":[
        11.64909,
        0.60091
    ],
    "90x2+2x+30=0":null,
    "90x2+45x-53=0":[
        0.55709,
        -1.05709
    ],
    "90x2+62x-55=0":[
        0.50981,
        -1.1987
    ],
    "91x2+16x-59=0":[
        0.72208,
        -0.8979
    ],
    "91x2-73x+24=0":null,
    "95x2-42x-100=0":[
        1.27057,
        -0.82847
    ],
    "96x2+59x+24=0":null,
    "97x2-100x-58=0":[
        1.44479,
        -0.41386
    ],
    "98x2+65x+10=0":[
        -0.24253,
        -0.42074
    ],
    "98x2-5x+9=0":null,
    "9x2-34x-96=0":[
        5.66176,
        -1.88398
    ]
}